{
  "users": [],
  "products": [
    {
      "id": "p1",
      "title": "Sample Product 1",
      "price": 29.99,
      "image": "/assets/sample1.jpg",
      "description": "Demo 1"
    },
    {
      "id": "p2",
      "title": "Sample Product 2",
      "price": 49.99,
      "image": "/assets/sample2.jpg",
      "description": "Demo 2"
    }
  ],
  "carts": [],
  "orders": [],
  "shipping": [
    {
      "code": "PK",
      "name": "Pakistan",
      "flag": "🇵🇰",
      "cost": 5
    },
    {
      "code": "US",
      "name": "United States",
      "flag": "🇺🇸",
      "cost": 15
    },
    {
      "code": "GB",
      "name": "United Kingdom",
      "flag": "🇬🇧",
      "cost": 12
    }
  ]
}